Uid,Sid,Key,Time,Category,Value,UpdateTime
6762854051,850761032,strength_training,1729633362,strength_training,"{""anaerobic_train_effect"":0.0,""anaerobic_train_effect_level"":0,""avg_hrm"":103,""calories"":677,""duration"":8791,""end_time"":1729642153,""hrm_aerobic_duration"":689,""hrm_anaerobic_duration"":268,""hrm_extreme_duration"":222,""hrm_fat_burning_duration"":961,""hrm_warm_up_duration"":3350,""max_hrm"":176,""min_hrm"":67,""proto_type"":8,""recover_time"":17,""reserve_hr_zone"":0,""sport_type"":308,""start_time"":1729633362,""time"":1729633362,""total_cal"":859,""train_effect"":2.7,""aerobic_train_effect_level"":0,""train_load"":45,""train_load_level"":2,""timezone"":-12,""version"":10,""vitality"":14}",1729647565
6762854051,850761032,weight_lifting,1729723239,weight_lifting,"{""anaerobic_train_effect"":0.4,""anaerobic_train_effect_level"":0,""avg_hrm"":100,""calories"":423,""duration"":5326,""end_time"":1729728566,""hrm_aerobic_duration"":155,""hrm_anaerobic_duration"":38,""hrm_extreme_duration"":0,""hrm_fat_burning_duration"":852,""hrm_warm_up_duration"":2633,""max_hrm"":160,""min_hrm"":73,""proto_type"":8,""recover_time"":7,""reserve_hr_zone"":0,""sport_type"":315,""start_time"":1729723239,""time"":1729723239,""total_cal"":538,""train_effect"":1.7,""aerobic_train_effect_level"":0,""train_load"":24,""train_load_level"":1,""timezone"":-12,""version"":10,""vitality"":3}",1729762897
6762854051,850761032,barbell_training,1729947919,barbell_training,"{""anaerobic_train_effect"":0.0,""anaerobic_train_effect_level"":0,""avg_hrm"":88,""calories"":387,""duration"":7018,""end_time"":1729954937,""hrm_aerobic_duration"":45,""hrm_anaerobic_duration"":0,""hrm_extreme_duration"":0,""hrm_fat_burning_duration"":353,""hrm_warm_up_duration"":1823,""max_hrm"":142,""min_hrm"":62,""proto_type"":8,""recover_time"":2,""reserve_hr_zone"":0,""sport_type"":314,""start_time"":1729947919,""time"":1729947919,""total_cal"":544,""train_effect"":1.2,""aerobic_train_effect_level"":0,""train_load"":16,""train_load_level"":1,""timezone"":-12,""version"":10,""vitality"":0}",1730008770
6762854051,850761032,weight_lifting,1730156077,weight_lifting,"{""anaerobic_train_effect"":0.5,""anaerobic_train_effect_level"":0,""avg_hrm"":100,""calories"":431,""duration"":5456,""end_time"":1730161534,""hrm_aerobic_duration"":110,""hrm_anaerobic_duration"":0,""hrm_extreme_duration"":0,""hrm_fat_burning_duration"":787,""hrm_warm_up_duration"":3202,""max_hrm"":139,""min_hrm"":72,""proto_type"":8,""recover_time"":4,""reserve_hr_zone"":0,""sport_type"":315,""start_time"":1730156077,""time"":1730156077,""total_cal"":550,""train_effect"":1.4,""aerobic_train_effect_level"":0,""train_load"":24,""train_load_level"":1,""timezone"":-12,""version"":10,""vitality"":1}",1730194701
6762854051,850761032,strength_training,1730238235,strength_training,"{""anaerobic_train_effect"":0.7,""anaerobic_train_effect_level"":0,""avg_hrm"":103,""calories"":640,""duration"":7984,""end_time"":1730246219,""hrm_aerobic_duration"":846,""hrm_anaerobic_duration"":91,""hrm_extreme_duration"":0,""hrm_fat_burning_duration"":1185,""hrm_warm_up_duration"":3425,""max_hrm"":162,""min_hrm"":64,""proto_type"":8,""recover_time"":12,""reserve_hr_zone"":0,""sport_type"":308,""start_time"":1730238235,""time"":1730238235,""total_cal"":810,""train_effect"":2.2,""aerobic_train_effect_level"":0,""train_load"":40,""train_load_level"":2,""timezone"":-12,""version"":10,""vitality"":9}",1730294719
6762854051,850761032,strength_training,1730324819,strength_training,"{""anaerobic_train_effect"":0.0,""anaerobic_train_effect_level"":0,""avg_hrm"":94,""calories"":454,""duration"":6575,""end_time"":1730331395,""hrm_aerobic_duration"":0,""hrm_anaerobic_duration"":0,""hrm_extreme_duration"":0,""hrm_fat_burning_duration"":195,""hrm_warm_up_duration"":3862,""max_hrm"":122,""min_hrm"":64,""proto_type"":8,""recover_time"":0,""reserve_hr_zone"":0,""sport_type"":308,""start_time"":1730324819,""time"":1730324819,""total_cal"":598,""train_effect"":1.0,""aerobic_train_effect_level"":0,""train_load"":22,""train_load_level"":1,""timezone"":-12,""version"":10,""vitality"":0}",1730446666
6762854051,850761032,strength_training,1730495098,strength_training,"{""anaerobic_train_effect"":0.0,""anaerobic_train_effect_level"":0,""avg_hrm"":85,""calories"":470,""duration"":9031,""end_time"":1730504129,""hrm_aerobic_duration"":0,""hrm_anaerobic_duration"":0,""hrm_extreme_duration"":0,""hrm_fat_burning_duration"":188,""hrm_warm_up_duration"":1427,""max_hrm"":124,""min_hrm"":61,""proto_type"":8,""recover_time"":0,""reserve_hr_zone"":0,""sport_type"":308,""start_time"":1730495098,""time"":1730495098,""total_cal"":677,""train_effect"":1.0,""aerobic_train_effect_level"":0,""train_load"":18,""train_load_level"":1,""timezone"":-12,""version"":10,""vitality"":0}",1730513461
6762854051,850761032,barbell_training,1730551453,barbell_training,"{""anaerobic_train_effect"":0.4,""anaerobic_train_effect_level"":0,""avg_hrm"":96,""calories"":476,""duration"":7066,""end_time"":1730558519,""hrm_aerobic_duration"":419,""hrm_anaerobic_duration"":0,""hrm_extreme_duration"":0,""hrm_fat_burning_duration"":967,""hrm_warm_up_duration"":2222,""max_hrm"":142,""min_hrm"":62,""proto_type"":8,""recover_time"":8,""reserve_hr_zone"":0,""sport_type"":314,""start_time"":1730551453,""time"":1730551453,""total_cal"":625,""train_effect"":1.8,""aerobic_train_effect_level"":0,""train_load"":25,""train_load_level"":1,""timezone"":-12,""version"":10,""vitality"":3}",1730558525
6762854051,850761032,barbell_training,1730760050,barbell_training,"{""anaerobic_train_effect"":0.1,""anaerobic_train_effect_level"":0,""avg_hrm"":92,""calories"":442,""duration"":7153,""end_time"":1730767204,""hrm_aerobic_duration"":29,""hrm_anaerobic_duration"":0,""hrm_extreme_duration"":0,""hrm_fat_burning_duration"":188,""hrm_warm_up_duration"":2812,""max_hrm"":143,""min_hrm"":63,""proto_type"":8,""recover_time"":2,""reserve_hr_zone"":0,""sport_type"":314,""start_time"":1730760050,""time"":1730760050,""total_cal"":599,""train_effect"":1.2,""aerobic_train_effect_level"":0,""train_load"":20,""train_load_level"":1,""timezone"":-12,""version"":10,""vitality"":1}",1730767208
6762854051,850761032,barbell_training,1730843696,barbell_training,"{""anaerobic_train_effect"":0.5,""anaerobic_train_effect_level"":0,""avg_hrm"":96,""calories"":494,""duration"":6826,""end_time"":1730850522,""hrm_aerobic_duration"":312,""hrm_anaerobic_duration"":59,""hrm_extreme_duration"":0,""hrm_fat_burning_duration"":437,""hrm_warm_up_duration"":2613,""max_hrm"":159,""min_hrm"":62,""proto_type"":8,""recover_time"":14,""reserve_hr_zone"":0,""sport_type"":314,""start_time"":1730843696,""time"":1730843696,""total_cal"":639,""train_effect"":2.4,""aerobic_train_effect_level"":0,""train_load"":24,""train_load_level"":1,""timezone"":-12,""version"":10,""vitality"":2}",1730938717
6762854051,850761032,barbell_training,1730933682,barbell_training,"{""anaerobic_train_effect"":1.5,""anaerobic_train_effect_level"":0,""avg_hrm"":88,""calories"":291,""duration"":5030,""end_time"":1730938713,""hrm_aerobic_duration"":1,""hrm_anaerobic_duration"":5,""hrm_extreme_duration"":44,""hrm_fat_burning_duration"":71,""hrm_warm_up_duration"":1037,""max_hrm"":183,""min_hrm"":69,""proto_type"":8,""recover_time"":10,""reserve_hr_zone"":0,""sport_type"":314,""start_time"":1730933682,""time"":1730933682,""total_cal"":409,""train_effect"":1.7,""aerobic_train_effect_level"":0,""train_load"":12,""train_load_level"":1,""timezone"":-12,""version"":10,""vitality"":0}",1730938717
6762854051,850761032,barbell_training,1731099687,barbell_training,"{""anaerobic_train_effect"":0.0,""anaerobic_train_effect_level"":0,""avg_hrm"":86,""calories"":415,""duration"":7660,""end_time"":1731107348,""hrm_aerobic_duration"":0,""hrm_anaerobic_duration"":0,""hrm_extreme_duration"":0,""hrm_fat_burning_duration"":51,""hrm_warm_up_duration"":1450,""max_hrm"":117,""min_hrm"":63,""proto_type"":8,""recover_time"":0,""reserve_hr_zone"":0,""sport_type"":314,""start_time"":1731099687,""time"":1731099687,""total_cal"":584,""train_effect"":0.8,""aerobic_train_effect_level"":0,""train_load"":16,""train_load_level"":1,""timezone"":-12,""version"":10,""vitality"":0}",1731151069
6762854051,850761032,rope_skipping,1731107535,rope_skipping,"{""anaerobic_train_effect"":0.0,""anaerobic_train_effect_level"":0,""avg_hrm"":119,""avg_skip_freq"":95,""best_skip_freq"":214,""calories"":172,""duration"":1419,""end_time"":1731108954,""group_count"":1,""hrm_aerobic_duration"":225,""hrm_anaerobic_duration"":0,""hrm_extreme_duration"":0,""hrm_fat_burning_duration"":850,""hrm_warm_up_duration"":321,""max_hrm"":139,""min_hrm"":91,""proto_type"":14,""recover_time"":11,""reserve_hr_zone"":0,""skip_count"":2251,""sport_type"":14,""start_time"":1731107535,""stumble_times"":29,""time"":1731107535,""total_cal"":201,""rest_between_group_duration"":0,""train_effect"":2.1,""aerobic_train_effect_level"":0,""training_experience"":0,""train_load"":14,""train_load_level"":1,""timezone"":-12,""version"":6,""vitality"":3}",1731151069
6762854051,850761032,barbell_training,1731157095,barbell_training,"{""anaerobic_train_effect"":0.9,""anaerobic_train_effect_level"":0,""avg_hrm"":104,""calories"":488,""duration"":6018,""end_time"":1731163113,""hrm_aerobic_duration"":580,""hrm_anaerobic_duration"":0,""hrm_extreme_duration"":0,""hrm_fat_burning_duration"":1168,""hrm_warm_up_duration"":2623,""max_hrm"":148,""min_hrm"":66,""proto_type"":8,""recover_time"":13,""reserve_hr_zone"":0,""sport_type"":314,""start_time"":1731157095,""time"":1731157095,""total_cal"":615,""train_effect"":2.3,""aerobic_train_effect_level"":0,""train_load"":31,""train_load_level"":2,""timezone"":-12,""version"":10,""vitality"":4}",1731246669
6762854051,850761032,weight_lifting,1731366477,weight_lifting,"{""anaerobic_train_effect"":0.0,""anaerobic_train_effect_level"":0,""avg_hrm"":91,""calories"":487,""duration"":7738,""end_time"":1731374215,""hrm_aerobic_duration"":0,""hrm_anaerobic_duration"":0,""hrm_extreme_duration"":0,""hrm_fat_burning_duration"":86,""hrm_warm_up_duration"":3353,""max_hrm"":122,""min_hrm"":66,""proto_type"":8,""recover_time"":0,""reserve_hr_zone"":0,""sport_type"":315,""start_time"":1731366477,""time"":1731366477,""total_cal"":659,""train_effect"":1.0,""aerobic_train_effect_level"":0,""train_load"":22,""train_load_level"":1,""timezone"":-12,""version"":10,""vitality"":0}",1731374228
6762854051,850761032,weight_lifting,1731447469,weight_lifting,"{""anaerobic_train_effect"":0.4,""anaerobic_train_effect_level"":0,""avg_hrm"":100,""calories"":501,""duration"":6378,""end_time"":1731453848,""hrm_aerobic_duration"":267,""hrm_anaerobic_duration"":0,""hrm_extreme_duration"":0,""hrm_fat_burning_duration"":1008,""hrm_warm_up_duration"":3249,""max_hrm"":143,""min_hrm"":69,""proto_type"":8,""recover_time"":12,""reserve_hr_zone"":0,""sport_type"":315,""start_time"":1731447469,""time"":1731447469,""total_cal"":638,""train_effect"":2.2,""aerobic_train_effect_level"":0,""train_load"":28,""train_load_level"":1,""timezone"":-12,""version"":10,""vitality"":2}",1731541711
6762854051,850761032,weight_lifting,1731536937,weight_lifting,"{""anaerobic_train_effect"":0.2,""anaerobic_train_effect_level"":0,""avg_hrm"":92,""calories"":308,""duration"":4767,""end_time"":1731541705,""hrm_aerobic_duration"":91,""hrm_anaerobic_duration"":0,""hrm_extreme_duration"":0,""hrm_fat_burning_duration"":103,""hrm_warm_up_duration"":1902,""max_hrm"":146,""min_hrm"":63,""proto_type"":8,""recover_time"":2,""reserve_hr_zone"":0,""sport_type"":315,""start_time"":1731536937,""time"":1731536937,""total_cal"":415,""train_effect"":1.2,""aerobic_train_effect_level"":0,""train_load"":13,""train_load_level"":1,""timezone"":-12,""version"":10,""vitality"":0}",1731541711
6762854051,850761032,barbell_training,1731710535,barbell_training,"{""anaerobic_train_effect"":0.0,""anaerobic_train_effect_level"":0,""avg_hrm"":87,""calories"":361,""duration"":6196,""end_time"":1731716983,""hrm_aerobic_duration"":1,""hrm_anaerobic_duration"":0,""hrm_extreme_duration"":0,""hrm_fat_burning_duration"":99,""hrm_warm_up_duration"":1562,""max_hrm"":131,""min_hrm"":55,""proto_type"":8,""recover_time"":0,""reserve_hr_zone"":0,""sport_type"":314,""start_time"":1731710535,""time"":1731710535,""total_cal"":501,""train_effect"":0.8,""aerobic_train_effect_level"":0,""train_load"":14,""train_load_level"":1,""timezone"":-12,""version"":10,""vitality"":0}",1731762475
6762854051,850761032,free_training,1732052060,free_training,"{""anaerobic_train_effect"":0.0,""anaerobic_train_effect_level"":0,""avg_hrm"":85,""calories"":20,""duration"":370,""end_time"":1732052431,""hrm_aerobic_duration"":0,""hrm_anaerobic_duration"":0,""hrm_extreme_duration"":0,""hrm_fat_burning_duration"":0,""hrm_warm_up_duration"":36,""max_hrm"":110,""min_hrm"":64,""proto_type"":8,""recover_time"":0,""reserve_hr_zone"":0,""sport_type"":8,""start_time"":1732052060,""time"":1732052060,""total_cal"":28,""train_effect"":0.0,""aerobic_train_effect_level"":0,""train_load"":0,""train_load_level"":1,""timezone"":-12,""version"":10,""vitality"":0}",1732098011
6762854051,850761032,barbell_training,1732052441,barbell_training,"{""anaerobic_train_effect"":0.0,""anaerobic_train_effect_level"":0,""avg_hrm"":98,""calories"":491,""duration"":6878,""end_time"":1732059320,""hrm_aerobic_duration"":481,""hrm_anaerobic_duration"":59,""hrm_extreme_duration"":0,""hrm_fat_burning_duration"":712,""hrm_warm_up_duration"":2392,""max_hrm"":164,""min_hrm"":63,""proto_type"":8,""recover_time"":11,""reserve_hr_zone"":0,""sport_type"":314,""start_time"":1732052441,""time"":1732052441,""total_cal"":643,""train_effect"":2.1,""aerobic_train_effect_level"":0,""train_load"":26,""train_load_level"":1,""timezone"":-12,""version"":10,""vitality"":4}",1732098011
6762854051,850761032,weight_lifting,1732142495,weight_lifting,"{""anaerobic_train_effect"":0.0,""anaerobic_train_effect_level"":0,""avg_hrm"":96,""calories"":416,""duration"":5551,""end_time"":1732148047,""hrm_aerobic_duration"":135,""hrm_anaerobic_duration"":0,""hrm_extreme_duration"":0,""hrm_fat_burning_duration"":473,""hrm_warm_up_duration"":2925,""max_hrm"":139,""min_hrm"":72,""proto_type"":8,""recover_time"":0,""reserve_hr_zone"":0,""sport_type"":315,""start_time"":1732142495,""time"":1732142495,""total_cal"":538,""train_effect"":0.9,""aerobic_train_effect_level"":0,""train_load"":21,""train_load_level"":1,""timezone"":-12,""version"":10,""vitality"":2}",1733946025
6762854051,850761032,barbell_training,1732306322,barbell_training,"{""anaerobic_train_effect"":0.0,""anaerobic_train_effect_level"":0,""avg_hrm"":98,""calories"":492,""duration"":6635,""end_time"":1732312961,""hrm_aerobic_duration"":8,""hrm_anaerobic_duration"":0,""hrm_extreme_duration"":0,""hrm_fat_burning_duration"":626,""hrm_warm_up_duration"":4027,""max_hrm"":132,""min_hrm"":68,""proto_type"":8,""recover_time"":3,""reserve_hr_zone"":0,""sport_type"":314,""start_time"":1732306322,""time"":1732306322,""total_cal"":635,""train_effect"":1.3,""aerobic_train_effect_level"":0,""train_load"":27,""train_load_level"":1,""timezone"":-12,""version"":10,""vitality"":0}",1732391614
6762854051,850761032,weight_lifting,1732573612,weight_lifting,"{""anaerobic_train_effect"":0.0,""anaerobic_train_effect_level"":0,""avg_hrm"":87,""calories"":34,""duration"":919,""end_time"":1732574531,""hrm_aerobic_duration"":13,""hrm_anaerobic_duration"":0,""hrm_extreme_duration"":0,""hrm_fat_burning_duration"":36,""hrm_warm_up_duration"":31,""max_hrm"":138,""min_hrm"":56,""proto_type"":8,""recover_time"":0,""reserve_hr_zone"":0,""sport_type"":315,""start_time"":1732573612,""time"":1732573612,""total_cal"":46,""train_effect"":0.2,""aerobic_train_effect_level"":0,""train_load"":1,""train_load_level"":1,""timezone"":-12,""version"":10,""vitality"":0}",1732574540
6762854051,850761032,free_training,1733518510,free_training,"{""anaerobic_train_effect"":1.2,""anaerobic_train_effect_level"":0,""avg_hrm"":112,""calories"":124,""duration"":1376,""end_time"":1733519886,""hrm_aerobic_duration"":13,""hrm_anaerobic_duration"":269,""hrm_extreme_duration"":59,""hrm_fat_burning_duration"":100,""hrm_warm_up_duration"":501,""max_hrm"":177,""min_hrm"":77,""proto_type"":8,""recover_time"":12,""reserve_hr_zone"":0,""sport_type"":8,""start_time"":1733518510,""time"":1733518510,""total_cal"":150,""train_effect"":2.2,""aerobic_train_effect_level"":0,""train_load"":10,""train_load_level"":1,""timezone"":-12,""version"":10,""vitality"":6}",1733591265
6762854051,850761032,strength_training,1733519895,strength_training,"{""anaerobic_train_effect"":0.0,""anaerobic_train_effect_level"":0,""avg_hrm"":85,""calories"":337,""duration"":6411,""end_time"":1733526307,""hrm_aerobic_duration"":10,""hrm_anaerobic_duration"":13,""hrm_extreme_duration"":5,""hrm_fat_burning_duration"":71,""hrm_warm_up_duration"":924,""max_hrm"":179,""min_hrm"":65,""proto_type"":8,""recover_time"":12,""reserve_hr_zone"":0,""sport_type"":308,""start_time"":1733519895,""time"":1733519895,""total_cal"":486,""train_effect"":0.8,""aerobic_train_effect_level"":0,""train_load"":13,""train_load_level"":1,""timezone"":-12,""version"":10,""vitality"":0}",1733591265
6762854051,850761032,free_training,1733579101,free_training,"{""anaerobic_train_effect"":0.0,""anaerobic_train_effect_level"":0,""avg_hrm"":74,""calories"":645,""duration"":12136,""end_time"":1733591236,""hrm_aerobic_duration"":0,""hrm_anaerobic_duration"":0,""hrm_extreme_duration"":0,""hrm_fat_burning_duration"":276,""hrm_warm_up_duration"":1497,""max_hrm"":128,""min_hrm"":45,""proto_type"":8,""recover_time"":0,""reserve_hr_zone"":0,""sport_type"":8,""start_time"":1733579101,""time"":1733579101,""total_cal"":900,""train_effect"":0.9,""aerobic_train_effect_level"":0,""train_load"":11,""train_load_level"":1,""timezone"":-12,""version"":10,""vitality"":0}",1733591265
6762854051,850761032,free_training,1733783929,free_training,"{""anaerobic_train_effect"":0.0,""anaerobic_train_effect_level"":0,""avg_hrm"":75,""calories"":39,""duration"":709,""end_time"":1733784638,""hrm_aerobic_duration"":0,""hrm_anaerobic_duration"":0,""hrm_extreme_duration"":0,""hrm_fat_burning_duration"":22,""hrm_warm_up_duration"":19,""max_hrm"":119,""min_hrm"":63,""proto_type"":8,""recover_time"":0,""reserve_hr_zone"":0,""sport_type"":8,""start_time"":1733783929,""time"":1733783929,""total_cal"":54,""train_effect"":0.0,""aerobic_train_effect_level"":0,""train_load"":0,""train_load_level"":1,""timezone"":-12,""version"":10,""vitality"":0}",1733784650
6762854051,850761032,weight_lifting,1733784646,weight_lifting,"{""anaerobic_train_effect"":0.1,""anaerobic_train_effect_level"":0,""avg_hrm"":94,""calories"":394,""duration"":5759,""end_time"":1733790405,""hrm_aerobic_duration"":34,""hrm_anaerobic_duration"":0,""hrm_extreme_duration"":0,""hrm_fat_burning_duration"":272,""hrm_warm_up_duration"":2887,""max_hrm"":137,""min_hrm"":70,""proto_type"":8,""recover_time"":0,""reserve_hr_zone"":0,""sport_type"":315,""start_time"":1733784646,""time"":1733784646,""total_cal"":519,""train_effect"":0.9,""aerobic_train_effect_level"":0,""train_load"":19,""train_load_level"":1,""timezone"":-12,""version"":10,""vitality"":1}",1733875845
6762854051,850761032,free_training,1733867191,free_training,"{""anaerobic_train_effect"":0.0,""anaerobic_train_effect_level"":0,""avg_hrm"":79,""calories"":45,""duration"":853,""end_time"":1733868045,""hrm_aerobic_duration"":0,""hrm_anaerobic_duration"":0,""hrm_extreme_duration"":0,""hrm_fat_burning_duration"":0,""hrm_warm_up_duration"":13,""max_hrm"":109,""min_hrm"":63,""proto_type"":8,""recover_time"":0,""reserve_hr_zone"":0,""sport_type"":8,""start_time"":1733867191,""time"":1733867191,""total_cal"":64,""train_effect"":0.0,""aerobic_train_effect_level"":0,""train_load"":1,""train_load_level"":1,""timezone"":-12,""version"":10,""vitality"":0}",1733875845
6762854051,850761032,barbell_training,1733868057,barbell_training,"{""anaerobic_train_effect"":0.0,""anaerobic_train_effect_level"":0,""avg_hrm"":96,""calories"":536,""duration"":7785,""end_time"":1733875841,""hrm_aerobic_duration"":381,""hrm_anaerobic_duration"":42,""hrm_extreme_duration"":0,""hrm_fat_burning_duration"":741,""hrm_warm_up_duration"":2966,""max_hrm"":158,""min_hrm"":63,""proto_type"":8,""recover_time"":14,""reserve_hr_zone"":0,""sport_type"":314,""start_time"":1733868057,""time"":1733868057,""total_cal"":708,""train_effect"":2.4,""aerobic_train_effect_level"":0,""train_load"":28,""train_load_level"":1,""timezone"":-12,""version"":10,""vitality"":3}",1733875845
6762854051,850761032,free_training,1734121433,free_training,"{""anaerobic_train_effect"":0.0,""anaerobic_train_effect_level"":0,""avg_hrm"":85,""calories"":459,""duration"":8012,""end_time"":1734129446,""hrm_aerobic_duration"":236,""hrm_anaerobic_duration"":4,""hrm_extreme_duration"":0,""hrm_fat_burning_duration"":125,""hrm_warm_up_duration"":1230,""max_hrm"":153,""min_hrm"":61,""proto_type"":8,""recover_time"":13,""reserve_hr_zone"":0,""sport_type"":8,""start_time"":1734121433,""time"":1734121433,""total_cal"":622,""train_effect"":2.3,""aerobic_train_effect_level"":0,""train_load"":15,""train_load_level"":1,""timezone"":-12,""version"":10,""vitality"":2}",1734177615
6762854051,850761032,free_training,1734181256,free_training,"{""anaerobic_train_effect"":0.0,""anaerobic_train_effect_level"":0,""avg_hrm"":96,""calories"":30,""duration"":445,""end_time"":1734181702,""hrm_aerobic_duration"":5,""hrm_anaerobic_duration"":13,""hrm_extreme_duration"":0,""hrm_fat_burning_duration"":8,""hrm_warm_up_duration"":165,""max_hrm"":158,""min_hrm"":76,""proto_type"":8,""recover_time"":0,""reserve_hr_zone"":0,""sport_type"":8,""start_time"":1734181256,""time"":1734181256,""total_cal"":38,""train_effect"":0.4,""aerobic_train_effect_level"":0,""train_load"":1,""train_load_level"":1,""timezone"":-12,""version"":10,""vitality"":0}",1734269916
6762854051,850761032,barbell_training,1734181711,barbell_training,"{""anaerobic_train_effect"":0.9,""anaerobic_train_effect_level"":0,""avg_hrm"":109,""calories"":453,""duration"":4923,""end_time"":1734186647,""hrm_aerobic_duration"":547,""hrm_anaerobic_duration"":7,""hrm_extreme_duration"":0,""hrm_fat_burning_duration"":1503,""hrm_warm_up_duration"":2163,""max_hrm"":150,""min_hrm"":76,""proto_type"":8,""recover_time"":13,""reserve_hr_zone"":0,""sport_type"":314,""start_time"":1734181711,""time"":1734181711,""total_cal"":555,""train_effect"":2.3,""aerobic_train_effect_level"":0,""train_load"":33,""train_load_level"":2,""timezone"":-12,""version"":10,""vitality"":4}",1734269916
6762854051,850761032,free_training,1734389226,free_training,"{""anaerobic_train_effect"":0.0,""anaerobic_train_effect_level"":0,""avg_hrm"":76,""calories"":31,""duration"":604,""end_time"":1734389831,""hrm_aerobic_duration"":0,""hrm_anaerobic_duration"":0,""hrm_extreme_duration"":0,""hrm_fat_burning_duration"":0,""hrm_warm_up_duration"":0,""max_hrm"":87,""min_hrm"":64,""proto_type"":8,""recover_time"":0,""reserve_hr_zone"":0,""sport_type"":8,""start_time"":1734389226,""time"":1734389226,""total_cal"":44,""train_effect"":0.0,""aerobic_train_effect_level"":0,""train_load"":0,""train_load_level"":1,""timezone"":-12,""version"":10,""vitality"":0}",1734389836
6762854051,850761032,barbell_training,1734389838,barbell_training,"{""anaerobic_train_effect"":0.7,""anaerobic_train_effect_level"":0,""avg_hrm"":97,""calories"":375,""duration"":5282,""end_time"":1734395121,""hrm_aerobic_duration"":183,""hrm_anaerobic_duration"":17,""hrm_extreme_duration"":0,""hrm_fat_burning_duration"":397,""hrm_warm_up_duration"":2592,""max_hrm"":151,""min_hrm"":63,""proto_type"":8,""recover_time"":8,""reserve_hr_zone"":0,""sport_type"":314,""start_time"":1734389838,""time"":1734389838,""total_cal"":491,""train_effect"":1.8,""aerobic_train_effect_level"":0,""train_load"":20,""train_load_level"":1,""timezone"":-12,""version"":10,""vitality"":2}",1734481559
6762854051,850761032,free_training,1734472761,free_training,"{""anaerobic_train_effect"":0.0,""anaerobic_train_effect_level"":0,""avg_hrm"":84,""calories"":499,""duration"":8791,""end_time"":1734481553,""hrm_aerobic_duration"":82,""hrm_anaerobic_duration"":0,""hrm_extreme_duration"":0,""hrm_fat_burning_duration"":405,""hrm_warm_up_duration"":1431,""max_hrm"":140,""min_hrm"":53,""proto_type"":8,""recover_time"":2,""reserve_hr_zone"":0,""sport_type"":8,""start_time"":1734472761,""time"":1734472761,""total_cal"":679,""train_effect"":1.2,""aerobic_train_effect_level"":0,""train_load"":16,""train_load_level"":1,""timezone"":-12,""version"":10,""vitality"":0}",1734481559
6762854051,850761032,free_training,1734562844,free_training,"{""anaerobic_train_effect"":0.0,""anaerobic_train_effect_level"":0,""avg_hrm"":79,""calories"":54,""duration"":1005,""end_time"":1734563852,""hrm_aerobic_duration"":0,""hrm_anaerobic_duration"":0,""hrm_extreme_duration"":0,""hrm_fat_burning_duration"":0,""hrm_warm_up_duration"":40,""max_hrm"":105,""min_hrm"":62,""proto_type"":8,""recover_time"":0,""reserve_hr_zone"":0,""sport_type"":8,""start_time"":1734562844,""time"":1734562844,""total_cal"":76,""train_effect"":0.0,""aerobic_train_effect_level"":0,""train_load"":1,""train_load_level"":1,""timezone"":-12,""version"":10,""vitality"":0}",1734590225
6762854051,850761032,barbell_training,1734563862,barbell_training,"{""anaerobic_train_effect"":0.0,""anaerobic_train_effect_level"":0,""avg_hrm"":95,""calories"":228,""duration"":3024,""end_time"":1734566887,""hrm_aerobic_duration"":0,""hrm_anaerobic_duration"":0,""hrm_extreme_duration"":0,""hrm_fat_burning_duration"":135,""hrm_warm_up_duration"":1778,""max_hrm"":120,""min_hrm"":67,""proto_type"":8,""recover_time"":0,""reserve_hr_zone"":0,""sport_type"":314,""start_time"":1734563862,""time"":1734563862,""total_cal"":299,""train_effect"":0.9,""aerobic_train_effect_level"":0,""train_load"":10,""train_load_level"":1,""timezone"":-12,""version"":10,""vitality"":0}",1734590225
6762854051,850761032,free_training,1734983548,free_training,"{""anaerobic_train_effect"":0.0,""anaerobic_train_effect_level"":0,""avg_hrm"":91,""calories"":442,""duration"":7180,""end_time"":1734990729,""hrm_aerobic_duration"":2,""hrm_anaerobic_duration"":0,""hrm_extreme_duration"":0,""hrm_fat_burning_duration"":205,""hrm_warm_up_duration"":3076,""max_hrm"":131,""min_hrm"":66,""proto_type"":8,""recover_time"":0,""reserve_hr_zone"":0,""sport_type"":8,""start_time"":1734983548,""time"":1734983548,""total_cal"":580,""train_effect"":0.9,""aerobic_train_effect_level"":0,""train_load"":20,""train_load_level"":1,""timezone"":-12,""version"":10,""vitality"":0}",1735054349
6762854051,850761032,free_training,1735046062,free_training,"{""anaerobic_train_effect"":0.0,""anaerobic_train_effect_level"":0,""avg_hrm"":85,""calories"":50,""duration"":866,""end_time"":1735046928,""hrm_aerobic_duration"":7,""hrm_anaerobic_duration"":0,""hrm_extreme_duration"":0,""hrm_fat_burning_duration"":32,""hrm_warm_up_duration"":58,""max_hrm"":134,""min_hrm"":69,""proto_type"":8,""recover_time"":0,""reserve_hr_zone"":0,""sport_type"":8,""start_time"":1735046062,""time"":1735046062,""total_cal"":69,""train_effect"":0.0,""aerobic_train_effect_level"":0,""train_load"":1,""train_load_level"":1,""timezone"":-12,""version"":10,""vitality"":0}",1735054349
6762854051,850761032,barbell_training,1735046937,barbell_training,"{""anaerobic_train_effect"":0.2,""anaerobic_train_effect_level"":0,""avg_hrm"":91,""calories"":446,""duration"":7406,""end_time"":1735054343,""hrm_aerobic_duration"":82,""hrm_anaerobic_duration"":3,""hrm_extreme_duration"":0,""hrm_fat_burning_duration"":745,""hrm_warm_up_duration"":1776,""max_hrm"":149,""min_hrm"":61,""proto_type"":8,""recover_time"":6,""reserve_hr_zone"":0,""sport_type"":314,""start_time"":1735046937,""time"":1735046937,""total_cal"":614,""train_effect"":1.6,""aerobic_train_effect_level"":0,""train_load"":20,""train_load_level"":1,""timezone"":-12,""version"":10,""vitality"":0}",1735054349
6762854051,850761032,free_training,1735221587,free_training,"{""anaerobic_train_effect"":0.0,""anaerobic_train_effect_level"":0,""avg_hrm"":94,""calories"":66,""duration"":944,""end_time"":1735222532,""hrm_aerobic_duration"":2,""hrm_anaerobic_duration"":0,""hrm_extreme_duration"":0,""hrm_fat_burning_duration"":175,""hrm_warm_up_duration"":244,""max_hrm"":131,""min_hrm"":74,""proto_type"":8,""recover_time"":0,""reserve_hr_zone"":0,""sport_type"":8,""start_time"":1735221587,""time"":1735221587,""total_cal"":85,""train_effect"":0.6,""aerobic_train_effect_level"":0,""train_load"":2,""train_load_level"":1,""timezone"":-12,""version"":10,""vitality"":0}",1735228354
6762854051,850761032,barbell_training,1735222542,barbell_training,"{""anaerobic_train_effect"":0.8,""anaerobic_train_effect_level"":0,""avg_hrm"":106,""calories"":495,""duration"":5809,""end_time"":1735228350,""hrm_aerobic_duration"":435,""hrm_anaerobic_duration"":0,""hrm_extreme_duration"":0,""hrm_fat_burning_duration"":1508,""hrm_warm_up_duration"":2551,""max_hrm"":147,""min_hrm"":77,""proto_type"":8,""recover_time"":13,""reserve_hr_zone"":0,""sport_type"":314,""start_time"":1735222542,""time"":1735222542,""total_cal"":614,""train_effect"":2.3,""aerobic_train_effect_level"":0,""train_load"":33,""train_load_level"":2,""timezone"":-12,""version"":10,""vitality"":2}",1735228354
6762854051,850761032,free_training,1735253773,free_training,"{""anaerobic_train_effect"":0.0,""anaerobic_train_effect_level"":0,""avg_hrm"":71,""calories"":49,""duration"":938,""end_time"":1735254719,""hrm_aerobic_duration"":0,""hrm_anaerobic_duration"":0,""hrm_extreme_duration"":0,""hrm_fat_burning_duration"":0,""hrm_warm_up_duration"":12,""max_hrm"":108,""min_hrm"":61,""proto_type"":8,""recover_time"":6,""reserve_hr_zone"":0,""sport_type"":8,""start_time"":1735253773,""time"":1735253773,""total_cal"":70,""train_effect"":0.0,""aerobic_train_effect_level"":0,""train_load"":0,""train_load_level"":1,""timezone"":-12,""version"":10,""vitality"":0}",1735336215
6762854051,850761032,sit_ups,1735254756,sit_ups,"{""anaerobic_train_effect"":0.0,""anaerobic_train_effect_level"":0,""avg_hrm"":85,""calories"":107,""duration"":1879,""end_time"":1735256635,""hrm_aerobic_duration"":0,""hrm_anaerobic_duration"":0,""hrm_extreme_duration"":0,""hrm_fat_burning_duration"":17,""hrm_warm_up_duration"":346,""max_hrm"":114,""min_hrm"":63,""proto_type"":8,""recover_time"":6,""reserve_hr_zone"":0,""sport_type"":318,""start_time"":1735254756,""time"":1735254756,""total_cal"":149,""train_effect"":0.5,""aerobic_train_effect_level"":0,""train_load"":3,""train_load_level"":1,""timezone"":-12,""version"":10,""vitality"":0}",1735336215
6762854051,850761032,spinning,1735256665,spinning,"{""anaerobic_train_effect"":0.0,""anaerobic_train_effect_level"":0,""avg_hrm"":85,""calories"":148,""duration"":2419,""end_time"":1735259088,""hrm_aerobic_duration"":0,""hrm_anaerobic_duration"":0,""hrm_extreme_duration"":0,""hrm_fat_burning_duration"":77,""hrm_warm_up_duration"":632,""max_hrm"":127,""min_hrm"":56,""proto_type"":8,""recover_time"":6,""reserve_hr_zone"":0,""sport_type"":324,""start_time"":1735256665,""time"":1735256665,""total_cal"":203,""train_effect"":0.8,""aerobic_train_effect_level"":0,""train_load"":4,""train_load_level"":1,""timezone"":-12,""version"":10,""vitality"":0}",1735336215
6762854051,850761032,free_training,1735334689,free_training,"{""anaerobic_train_effect"":0.0,""anaerobic_train_effect_level"":0,""avg_hrm"":85,""calories"":92,""duration"":1521,""end_time"":1735336210,""hrm_aerobic_duration"":0,""hrm_anaerobic_duration"":0,""hrm_extreme_duration"":0,""hrm_fat_burning_duration"":46,""hrm_warm_up_duration"":314,""max_hrm"":117,""min_hrm"":66,""proto_type"":8,""recover_time"":0,""reserve_hr_zone"":0,""sport_type"":8,""start_time"":1735334689,""time"":1735334689,""total_cal"":125,""train_effect"":0.5,""aerobic_train_effect_level"":0,""train_load"":3,""train_load_level"":1,""timezone"":-12,""version"":10,""vitality"":0}",1735336215
6762854051,850761032,free_training,1735392223,free_training,"{""anaerobic_train_effect"":0.0,""anaerobic_train_effect_level"":0,""avg_hrm"":83,""calories"":429,""duration"":7769,""end_time"":1735399992,""hrm_aerobic_duration"":0,""hrm_anaerobic_duration"":0,""hrm_extreme_duration"":0,""hrm_fat_burning_duration"":60,""hrm_warm_up_duration"":1061,""max_hrm"":117,""min_hrm"":61,""proto_type"":8,""recover_time"":0,""reserve_hr_zone"":0,""sport_type"":8,""start_time"":1735392223,""time"":1735392223,""total_cal"":590,""train_effect"":0.8,""aerobic_train_effect_level"":0,""train_load"":13,""train_load_level"":1,""timezone"":-12,""version"":10,""vitality"":0}",1735426005
6762854051,850761032,barbell_training,1735590825,barbell_training,"{""anaerobic_train_effect"":0.3,""anaerobic_train_effect_level"":0,""avg_hrm"":96,""calories"":294,""duration"":3824,""end_time"":1735594650,""hrm_aerobic_duration"":9,""hrm_anaerobic_duration"":0,""hrm_extreme_duration"":0,""hrm_fat_burning_duration"":180,""hrm_warm_up_duration"":2493,""max_hrm"":143,""min_hrm"":66,""proto_type"":8,""recover_time"":0,""reserve_hr_zone"":0,""sport_type"":314,""start_time"":1735590825,""time"":1735590825,""total_cal"":382,""train_effect"":0.9,""aerobic_train_effect_level"":0,""train_load"":13,""train_load_level"":1,""timezone"":-12,""version"":10,""vitality"":0}",1735651025
6762854051,850761032,barbell_training,1735652671,barbell_training,"{""anaerobic_train_effect"":0.3,""anaerobic_train_effect_level"":0,""avg_hrm"":94,""calories"":499,""duration"":7723,""end_time"":1735660395,""hrm_aerobic_duration"":241,""hrm_anaerobic_duration"":0,""hrm_extreme_duration"":0,""hrm_fat_burning_duration"":950,""hrm_warm_up_duration"":2230,""max_hrm"":143,""min_hrm"":64,""proto_type"":8,""recover_time"":8,""reserve_hr_zone"":0,""sport_type"":314,""start_time"":1735652671,""time"":1735652671,""total_cal"":666,""train_effect"":1.8,""aerobic_train_effect_level"":0,""train_load"":24,""train_load_level"":1,""timezone"":-12,""version"":10,""vitality"":2}",1735739879
6762854051,850761032,free_training,1735824576,free_training,"{""anaerobic_train_effect"":0.0,""anaerobic_train_effect_level"":0,""avg_hrm"":82,""calories"":50,""duration"":857,""end_time"":1735825434,""hrm_aerobic_duration"":4,""hrm_anaerobic_duration"":0,""hrm_extreme_duration"":0,""hrm_fat_burning_duration"":47,""hrm_warm_up_duration"":53,""max_hrm"":131,""min_hrm"":64,""proto_type"":8,""recover_time"":0,""reserve_hr_zone"":0,""sport_type"":8,""start_time"":1735824576,""time"":1735824576,""total_cal"":68,""train_effect"":0.2,""aerobic_train_effect_level"":0,""train_load"":1,""train_load_level"":1,""timezone"":-12,""version"":10,""vitality"":0}",1735833019
6762854051,850761032,barbell_training,1735825440,barbell_training,"{""anaerobic_train_effect"":0.5,""anaerobic_train_effect_level"":0,""avg_hrm"":103,""calories"":595,""duration"":7572,""end_time"":1735833012,""hrm_aerobic_duration"":560,""hrm_anaerobic_duration"":3,""hrm_extreme_duration"":0,""hrm_fat_burning_duration"":1444,""hrm_warm_up_duration"":3196,""max_hrm"":149,""min_hrm"":67,""proto_type"":8,""recover_time"":11,""reserve_hr_zone"":0,""sport_type"":314,""start_time"":1735825440,""time"":1735825440,""total_cal"":750,""train_effect"":2.1,""aerobic_train_effect_level"":0,""train_load"":38,""train_load_level"":2,""timezone"":-12,""version"":10,""vitality"":5}",1735833019
6762854051,850761032,free_training,1736000081,free_training,"{""anaerobic_train_effect"":0.1,""anaerobic_train_effect_level"":0,""avg_hrm"":96,""calories"":480,""duration"":7296,""end_time"":1736007378,""hrm_aerobic_duration"":67,""hrm_anaerobic_duration"":0,""hrm_extreme_duration"":0,""hrm_fat_burning_duration"":368,""hrm_warm_up_duration"":4114,""max_hrm"":137,""min_hrm"":63,""proto_type"":8,""recover_time"":2,""reserve_hr_zone"":0,""sport_type"":8,""start_time"":1736000081,""time"":1736000081,""total_cal"":619,""train_effect"":1.2,""aerobic_train_effect_level"":0,""train_load"":26,""train_load_level"":1,""timezone"":-12,""version"":10,""vitality"":0}",1736131375
6762854051,850761032,free_training,1736199725,free_training,"{""anaerobic_train_effect"":0.6,""anaerobic_train_effect_level"":0,""avg_hrm"":97,""calories"":550,""duration"":8193,""end_time"":1736207918,""hrm_aerobic_duration"":224,""hrm_anaerobic_duration"":12,""hrm_extreme_duration"":0,""hrm_fat_burning_duration"":633,""hrm_warm_up_duration"":4420,""max_hrm"":151,""min_hrm"":60,""proto_type"":8,""recover_time"":6,""reserve_hr_zone"":0,""sport_type"":8,""start_time"":1736199725,""time"":1736199725,""total_cal"":710,""train_effect"":1.6,""aerobic_train_effect_level"":0,""train_load"":31,""train_load_level"":2,""timezone"":-12,""version"":10,""vitality"":4}",1736221953
6762854051,850761032,barbell_training,1736283631,barbell_training,"{""anaerobic_train_effect"":0.7,""anaerobic_train_effect_level"":0,""avg_hrm"":109,""calories"":573,""duration"":6339,""end_time"":1736289970,""hrm_aerobic_duration"":660,""hrm_anaerobic_duration"":441,""hrm_extreme_duration"":0,""hrm_fat_burning_duration"":955,""hrm_warm_up_duration"":3415,""max_hrm"":159,""min_hrm"":70,""proto_type"":8,""recover_time"":19,""reserve_hr_zone"":0,""sport_type"":314,""start_time"":1736283631,""time"":1736283631,""total_cal"":702,""train_effect"":3.0,""aerobic_train_effect_level"":0,""train_load"":44,""train_load_level"":2,""timezone"":-12,""version"":10,""vitality"":13}",1736336481
6762854051,850761032,free_training,1736371125,free_training,"{""anaerobic_train_effect"":0.0,""anaerobic_train_effect_level"":0,""avg_hrm"":83,""calories"":47,""duration"":830,""end_time"":1736371955,""hrm_aerobic_duration"":0,""hrm_anaerobic_duration"":0,""hrm_extreme_duration"":0,""hrm_fat_burning_duration"":0,""hrm_warm_up_duration"":148,""max_hrm"":107,""min_hrm"":68,""proto_type"":8,""recover_time"":0,""reserve_hr_zone"":0,""sport_type"":8,""start_time"":1736371125,""time"":1736371125,""total_cal"":64,""train_effect"":0.0,""aerobic_train_effect_level"":0,""train_load"":1,""train_load_level"":1,""timezone"":-12,""version"":10,""vitality"":0}",1736912773
6762854051,850761032,barbell_training,1736371977,barbell_training,"{""anaerobic_train_effect"":0.0,""anaerobic_train_effect_level"":0,""avg_hrm"":96,""calories"":390,""duration"":5185,""end_time"":1736377163,""hrm_aerobic_duration"":6,""hrm_anaerobic_duration"":0,""hrm_extreme_duration"":0,""hrm_fat_burning_duration"":188,""hrm_warm_up_duration"":3182,""max_hrm"":132,""min_hrm"":73,""proto_type"":8,""recover_time"":1,""reserve_hr_zone"":0,""sport_type"":314,""start_time"":1736371977,""time"":1736371977,""total_cal"":510,""train_effect"":1.1,""aerobic_train_effect_level"":0,""train_load"":19,""train_load_level"":1,""timezone"":-12,""version"":10,""vitality"":0}",1736912773
6762854051,850761032,rope_skipping,1736377172,rope_skipping,"{""anaerobic_train_effect"":0.4,""anaerobic_train_effect_level"":0,""avg_hrm"":127,""avg_skip_freq"":88,""best_skip_freq"":187,""calories"":167,""duration"":1287,""end_time"":1736378460,""group_count"":1,""hrm_aerobic_duration"":829,""hrm_anaerobic_duration"":0,""hrm_extreme_duration"":0,""hrm_fat_burning_duration"":165,""hrm_warm_up_duration"":222,""max_hrm"":146,""min_hrm"":85,""proto_type"":14,""recover_time"":15,""reserve_hr_zone"":0,""skip_count"":1890,""sport_type"":14,""start_time"":1736377172,""stumble_times"":39,""time"":1736377172,""total_cal"":193,""rest_between_group_duration"":0,""train_effect"":2.4,""aerobic_train_effect_level"":0,""training_experience"":0,""train_load"":18,""train_load_level"":1,""timezone"":-12,""version"":6,""vitality"":4}",1736912773
6762854051,850761032,free_training,1736546268,free_training,"{""anaerobic_train_effect"":0.0,""anaerobic_train_effect_level"":0,""avg_hrm"":85,""calories"":20,""duration"":354,""end_time"":1736546622,""hrm_aerobic_duration"":0,""hrm_anaerobic_duration"":0,""hrm_extreme_duration"":0,""hrm_fat_burning_duration"":0,""hrm_warm_up_duration"":41,""max_hrm"":100,""min_hrm"":71,""proto_type"":8,""recover_time"":0,""reserve_hr_zone"":0,""sport_type"":8,""start_time"":1736546268,""time"":1736546268,""total_cal"":27,""train_effect"":0.0,""aerobic_train_effect_level"":0,""train_load"":0,""train_load_level"":1,""timezone"":-12,""version"":10,""vitality"":0}",1736626502
6762854051,850761032,barbell_training,1736546641,barbell_training,"{""anaerobic_train_effect"":0.4,""anaerobic_train_effect_level"":0,""avg_hrm"":110,""calories"":472,""duration"":5005,""end_time"":1736551647,""hrm_aerobic_duration"":610,""hrm_anaerobic_duration"":52,""hrm_extreme_duration"":0,""hrm_fat_burning_duration"":1320,""hrm_warm_up_duration"":2450,""max_hrm"":154,""min_hrm"":69,""proto_type"":8,""recover_time"":16,""reserve_hr_zone"":0,""sport_type"":314,""start_time"":1736546641,""time"":1736546641,""total_cal"":578,""train_effect"":2.6,""aerobic_train_effect_level"":0,""train_load"":35,""train_load_level"":2,""timezone"":-12,""version"":10,""vitality"":5}",1736626502
6762854051,850761032,free_training,1736622689,free_training,"{""anaerobic_train_effect"":0.1,""anaerobic_train_effect_level"":0,""avg_hrm"":96,""calories"":304,""duration"":4132,""end_time"":1736626821,""hrm_aerobic_duration"":31,""hrm_anaerobic_duration"":0,""hrm_extreme_duration"":0,""hrm_fat_burning_duration"":674,""hrm_warm_up_duration"":1698,""max_hrm"":136,""min_hrm"":64,""proto_type"":8,""recover_time"":0,""reserve_hr_zone"":0,""sport_type"":8,""start_time"":1736622689,""time"":1736622689,""total_cal"":390,""train_effect"":0.9,""aerobic_train_effect_level"":0,""train_load"":14,""train_load_level"":1,""timezone"":-12,""version"":10,""vitality"":1}",1736774441
6762854051,850761032,free_training,1736806219,free_training,"{""anaerobic_train_effect"":0.2,""anaerobic_train_effect_level"":0,""avg_hrm"":89,""calories"":345,""duration"":5607,""end_time"":1736811827,""hrm_aerobic_duration"":33,""hrm_anaerobic_duration"":0,""hrm_extreme_duration"":0,""hrm_fat_burning_duration"":164,""hrm_warm_up_duration"":1964,""max_hrm"":138,""min_hrm"":60,""proto_type"":8,""recover_time"":0,""reserve_hr_zone"":0,""sport_type"":8,""start_time"":1736806219,""time"":1736806219,""total_cal"":457,""train_effect"":0.9,""aerobic_train_effect_level"":0,""train_load"":14,""train_load_level"":1,""timezone"":-12,""version"":10,""vitality"":0}",1736861028
6762854051,850761032,free_training,1736896101,free_training,"{""anaerobic_train_effect"":0.0,""anaerobic_train_effect_level"":0,""avg_hrm"":92,""calories"":30,""duration"":475,""end_time"":1736896577,""hrm_aerobic_duration"":0,""hrm_anaerobic_duration"":0,""hrm_extreme_duration"":0,""hrm_fat_burning_duration"":2,""hrm_warm_up_duration"":240,""max_hrm"":120,""min_hrm"":79,""proto_type"":8,""recover_time"":0,""reserve_hr_zone"":0,""sport_type"":8,""start_time"":1736896101,""time"":1736896101,""total_cal"":39,""train_effect"":0.0,""aerobic_train_effect_level"":0,""train_load"":1,""train_load_level"":1,""timezone"":-12,""version"":10,""vitality"":0}",1736912773
6762854051,850761032,barbell_training,1736896585,barbell_training,"{""anaerobic_train_effect"":0.0,""anaerobic_train_effect_level"":0,""avg_hrm"":112,""calories"":568,""duration"":5910,""end_time"":1736902496,""hrm_aerobic_duration"":983,""hrm_anaerobic_duration"":120,""hrm_extreme_duration"":0,""hrm_fat_burning_duration"":1246,""hrm_warm_up_duration"":3133,""max_hrm"":159,""min_hrm"":83,""proto_type"":8,""recover_time"":17,""reserve_hr_zone"":0,""sport_type"":314,""start_time"":1736896585,""time"":1736896585,""total_cal"":690,""train_effect"":2.7,""aerobic_train_effect_level"":0,""train_load"":45,""train_load_level"":2,""timezone"":-12,""version"":10,""vitality"":5}",1736912773
6762854051,850761032,free_training,1736978979,free_training,"{""anaerobic_train_effect"":0.2,""anaerobic_train_effect_level"":0,""avg_hrm"":91,""calories"":355,""duration"":5599,""end_time"":1736984579,""hrm_aerobic_duration"":69,""hrm_anaerobic_duration"":0,""hrm_extreme_duration"":0,""hrm_fat_burning_duration"":327,""hrm_warm_up_duration"":1722,""max_hrm"":143,""min_hrm"":68,""proto_type"":8,""recover_time"":2,""reserve_hr_zone"":0,""sport_type"":8,""start_time"":1736978979,""time"":1736978979,""total_cal"":466,""train_effect"":1.2,""aerobic_train_effect_level"":0,""train_load"":15,""train_load_level"":1,""timezone"":-12,""version"":10,""vitality"":0}",1737024357
6762854051,850761032,rope_skipping,1736984589,rope_skipping,"{""anaerobic_train_effect"":0.0,""anaerobic_train_effect_level"":0,""avg_hrm"":131,""avg_skip_freq"":98,""best_skip_freq"":187,""calories"":143,""duration"":1061,""end_time"":1736985650,""group_count"":1,""hrm_aerobic_duration"":729,""hrm_anaerobic_duration"":5,""hrm_extreme_duration"":0,""hrm_fat_burning_duration"":201,""hrm_warm_up_duration"":90,""max_hrm"":149,""min_hrm"":76,""proto_type"":14,""recover_time"":14,""reserve_hr_zone"":0,""skip_count"":1734,""sport_type"":14,""start_time"":1736984589,""stumble_times"":28,""time"":1736984589,""total_cal"":163,""rest_between_group_duration"":0,""train_effect"":2.3,""aerobic_train_effect_level"":0,""training_experience"":0,""train_load"":17,""train_load_level"":1,""timezone"":-12,""version"":6,""vitality"":2}",1737024357
6762854051,850761032,free_training,1737141576,free_training,"{""anaerobic_train_effect"":0.0,""anaerobic_train_effect_level"":0,""avg_hrm"":76,""calories"":87,""duration"":1588,""end_time"":1737143165,""hrm_aerobic_duration"":0,""hrm_anaerobic_duration"":0,""hrm_extreme_duration"":0,""hrm_fat_burning_duration"":18,""hrm_warm_up_duration"":69,""max_hrm"":114,""min_hrm"":62,""proto_type"":8,""recover_time"":0,""reserve_hr_zone"":0,""sport_type"":8,""start_time"":1737141576,""time"":1737141576,""total_cal"":121,""train_effect"":0.0,""aerobic_train_effect_level"":0,""train_load"":1,""train_load_level"":1,""timezone"":-12,""version"":10,""vitality"":0}",1737212992
6762854051,850761032,barbell_training,1737143173,barbell_training,"{""anaerobic_train_effect"":0.3,""anaerobic_train_effect_level"":0,""avg_hrm"":96,""calories"":357,""duration"":5070,""end_time"":1737148244,""hrm_aerobic_duration"":146,""hrm_anaerobic_duration"":0,""hrm_extreme_duration"":0,""hrm_fat_burning_duration"":918,""hrm_warm_up_duration"":1432,""max_hrm"":147,""min_hrm"":56,""proto_type"":8,""recover_time"":7,""reserve_hr_zone"":0,""sport_type"":314,""start_time"":1737143173,""time"":1737143173,""total_cal"":469,""train_effect"":1.7,""aerobic_train_effect_level"":0,""train_load"":18,""train_load_level"":1,""timezone"":-12,""version"":10,""vitality"":2}",1737212992
6762854051,850761032,outdoor_hiking,1737310451,outdoor_hiking,"{""anaerobic_train_effect"":0.1,""anaerobic_train_effect_level"":0,""avg_cadence"":104,""avg_height"":0.0,""avg_hrm"":81,""avg_pace"":4243,""avg_speed"":0.84842616,""avg_stride"":51,""calories"":332,""distance"":1752,""duration"":7434,""end_time"":1737317885,""fall_height"":0.0,""five_kilometre_grade_prediction_duration"":0,""full_marathon_grade_prediction_duration"":0,""half_marathon_grade_prediction_duration"":0,""hrm_aerobic_duration"":6,""hrm_anaerobic_duration"":26,""hrm_extreme_duration"":0,""hrm_fat_burning_duration"":151,""hrm_warm_up_duration"":1161,""max_cadence"":130,""max_height"":0.0,""max_hrm"":154,""max_pace"":737,""max_speed"":4.8826647,""min_height"":0.0,""min_hrm"":55,""min_pace"":3062,""proto_type"":22,""recover_time"":2,""reserve_hr_zone"":0,""rise_height"":0.0,""running_ability_index"":0.0,""running_ability_level"":0,""sport_type"":15,""start_time"":1737310451,""steps"":2672,""ten_kilometre_grade_prediction_duration"":0,""time"":1737310451,""total_cal"":441,""train_effect"":1.2,""aerobic_train_effect_level"":0,""train_load"":11,""train_load_level"":1,""timezone"":-12,""version"":6,""vitality"":0}",1737320347
6762854051,850761032,free_training,1737409748,free_training,"{""anaerobic_train_effect"":0.0,""anaerobic_train_effect_level"":0,""avg_hrm"":94,""calories"":67,""duration"":963,""end_time"":1737410712,""hrm_aerobic_duration"":16,""hrm_anaerobic_duration"":0,""hrm_extreme_duration"":0,""hrm_fat_burning_duration"":124,""hrm_warm_up_duration"":294,""max_hrm"":133,""min_hrm"":67,""proto_type"":8,""recover_time"":0,""reserve_hr_zone"":0,""sport_type"":8,""start_time"":1737409748,""time"":1737409748,""total_cal"":87,""train_effect"":0.6,""aerobic_train_effect_level"":0,""train_load"":3,""train_load_level"":1,""timezone"":-12,""version"":10,""vitality"":0}",1737410714
6762854051,850761032,barbell_training,1737410718,barbell_training,"{""anaerobic_train_effect"":0.6,""anaerobic_train_effect_level"":0,""avg_hrm"":99,""calories"":450,""duration"":5950,""end_time"":1737416669,""hrm_aerobic_duration"":242,""hrm_anaerobic_duration"":0,""hrm_extreme_duration"":0,""hrm_fat_burning_duration"":622,""hrm_warm_up_duration"":3223,""max_hrm"":148,""min_hrm"":64,""proto_type"":8,""recover_time"":5,""reserve_hr_zone"":0,""sport_type"":314,""start_time"":1737410718,""time"":1737410718,""total_cal"":576,""train_effect"":1.5,""aerobic_train_effect_level"":0,""train_load"":24,""train_load_level"":1,""timezone"":-12,""version"":10,""vitality"":1}",1737500552
6762854051,850761032,barbell_training,1737502208,barbell_training,"{""anaerobic_train_effect"":0.0,""anaerobic_train_effect_level"":0,""avg_hrm"":83,""calories"":272,""duration"":5286,""end_time"":1737507494,""hrm_aerobic_duration"":13,""hrm_anaerobic_duration"":0,""hrm_extreme_duration"":0,""hrm_fat_burning_duration"":175,""hrm_warm_up_duration"":633,""max_hrm"":134,""min_hrm"":61,""proto_type"":8,""recover_time"":0,""reserve_hr_zone"":0,""sport_type"":314,""start_time"":1737502208,""time"":1737502208,""total_cal"":397,""train_effect"":0.9,""aerobic_train_effect_level"":0,""train_load"":9,""train_load_level"":1,""timezone"":-12,""version"":10,""vitality"":0}",1737648542
6762854051,850761032,outdoor_hiking,1737747752,outdoor_hiking,"{""anaerobic_train_effect"":0.0,""anaerobic_train_effect_level"":0,""avg_cadence"":102,""avg_height"":0.0,""avg_hrm"":86,""avg_pace"":1477,""avg_speed"":2.4362118,""avg_stride"":60,""calories"":447,""distance"":6481,""duration"":9577,""end_time"":1737757329,""fall_height"":0.0,""five_kilometre_grade_prediction_duration"":0,""full_marathon_grade_prediction_duration"":0,""half_marathon_grade_prediction_duration"":0,""hrm_aerobic_duration"":0,""hrm_anaerobic_duration"":0,""hrm_extreme_duration"":0,""hrm_fat_burning_duration"":50,""hrm_warm_up_duration"":2367,""max_cadence"":148,""max_height"":0.0,""max_hrm"":119,""max_pace"":549,""max_speed"":6.545866,""min_height"":0.0,""min_hrm"":56,""min_pace"":3324,""proto_type"":22,""recover_time"":0,""reserve_hr_zone"":0,""rise_height"":0.0,""running_ability_index"":0.0,""running_ability_level"":0,""sport_type"":15,""start_time"":1737747752,""steps"":9577,""ten_kilometre_grade_prediction_duration"":0,""time"":1737747752,""total_cal"":576,""train_effect"":0.9,""aerobic_train_effect_level"":0,""train_load"":20,""train_load_level"":1,""timezone"":-12,""version"":6,""vitality"":0}",1737757336
6762854051,850761032,free_training,1737762149,free_training,"{""anaerobic_train_effect"":0.5,""anaerobic_train_effect_level"":0,""avg_hrm"":99,""calories"":365,""duration"":4782,""end_time"":1737766932,""hrm_aerobic_duration"":283,""hrm_anaerobic_duration"":63,""hrm_extreme_duration"":0,""hrm_fat_burning_duration"":645,""hrm_warm_up_duration"":1974,""max_hrm"":155,""min_hrm"":57,""proto_type"":8,""recover_time"":14,""reserve_hr_zone"":0,""sport_type"":8,""start_time"":1737762149,""time"":1737762149,""total_cal"":462,""train_effect"":2.4,""aerobic_train_effect_level"":0,""train_load"":20,""train_load_level"":1,""timezone"":-12,""version"":10,""vitality"":3}",1737867468
6762854051,850761032,outdoor_walking,1737863094,walking,"{""anaerobic_train_effect"":0.0,""anaerobic_train_effect_level"":0,""avg_cadence"":94,""avg_height"":0.0,""avg_hrm"":79,""avg_pace"":718,""avg_speed"":5.012752,""avg_stride"":73,""calories"":246,""distance"":6071,""duration"":4360,""end_time"":1737867454,""fall_height"":0.0,""five_kilometre_grade_prediction_duration"":0,""full_marathon_grade_prediction_duration"":0,""half_marathon_grade_prediction_duration"":0,""hrm_aerobic_duration"":0,""hrm_anaerobic_duration"":0,""hrm_extreme_duration"":0,""hrm_fat_burning_duration"":149,""hrm_warm_up_duration"":1237,""max_cadence"":190,""max_height"":0.0,""max_hrm"":119,""max_pace"":159,""max_speed"":22.502325,""min_height"":0.0,""min_hrm"":44,""min_pace"":2809,""proto_type"":22,""recover_time"":1,""reserve_hr_zone"":0,""rise_height"":0.0,""running_ability_index"":0.0,""running_ability_level"":0,""sport_type"":2,""start_time"":1737863094,""steps"":1901,""ten_kilometre_grade_prediction_duration"":0,""time"":1737863094,""total_cal"":352,""train_effect"":1.1,""aerobic_train_effect_level"":0,""train_load"":6,""train_load_level"":1,""timezone"":-12,""version"":6,""vitality"":0}",1737867468
6762854051,850761032,free_training,1738016807,free_training,"{""anaerobic_train_effect"":0.2,""anaerobic_train_effect_level"":0,""avg_hrm"":122,""calories"":65,""duration"":610,""end_time"":1738017417,""hrm_aerobic_duration"":174,""hrm_anaerobic_duration"":6,""hrm_extreme_duration"":0,""hrm_fat_burning_duration"":282,""hrm_warm_up_duration"":102,""max_hrm"":149,""min_hrm"":79,""proto_type"":8,""recover_time"":6,""reserve_hr_zone"":0,""sport_type"":8,""start_time"":1738016807,""time"":1738016807,""total_cal"":78,""train_effect"":1.6,""aerobic_train_effect_level"":0,""train_load"":6,""train_load_level"":1,""timezone"":-12,""version"":10,""vitality"":2}",1738074242
6762854051,850761032,barbell_training,1738017426,barbell_training,"{""anaerobic_train_effect"":0.3,""anaerobic_train_effect_level"":0,""avg_hrm"":97,""calories"":287,""duration"":3784,""end_time"":1738021211,""hrm_aerobic_duration"":93,""hrm_anaerobic_duration"":0,""hrm_extreme_duration"":0,""hrm_fat_burning_duration"":271,""hrm_warm_up_duration"":2074,""max_hrm"":140,""min_hrm"":73,""proto_type"":8,""recover_time"":6,""reserve_hr_zone"":0,""sport_type"":314,""start_time"":1738017426,""time"":1738017426,""total_cal"":374,""train_effect"":1.1,""aerobic_train_effect_level"":0,""train_load"":14,""train_load_level"":1,""timezone"":-12,""version"":10,""vitality"":1}",1738074242
6762854051,850761032,free_training,1738192152,free_training,"{""anaerobic_train_effect"":0.0,""anaerobic_train_effect_level"":0,""avg_hrm"":84,""calories"":22,""duration"":406,""end_time"":1738192559,""hrm_aerobic_duration"":0,""hrm_anaerobic_duration"":0,""hrm_extreme_duration"":0,""hrm_fat_burning_duration"":3,""hrm_warm_up_duration"":40,""max_hrm"":113,""min_hrm"":75,""proto_type"":8,""recover_time"":0,""reserve_hr_zone"":0,""sport_type"":8,""start_time"":1738192152,""time"":1738192152,""total_cal"":31,""train_effect"":0.0,""aerobic_train_effect_level"":0,""train_load"":0,""train_load_level"":1,""timezone"":-12,""version"":10,""vitality"":0}",1738336478
6762854051,850761032,barbell_training,1738192565,barbell_training,"{""anaerobic_train_effect"":0.0,""anaerobic_train_effect_level"":0,""avg_hrm"":88,""calories"":276,""duration"":4624,""end_time"":1738197189,""hrm_aerobic_duration"":51,""hrm_anaerobic_duration"":0,""hrm_extreme_duration"":0,""hrm_fat_burning_duration"":81,""hrm_warm_up_duration"":840,""max_hrm"":143,""min_hrm"":70,""proto_type"":8,""recover_time"":0,""reserve_hr_zone"":0,""sport_type"":314,""start_time"":1738192565,""time"":1738192565,""total_cal"":385,""train_effect"":1.0,""aerobic_train_effect_level"":0,""train_load"":10,""train_load_level"":1,""timezone"":-12,""version"":10,""vitality"":0}",1738336478
6762854051,850761032,free_training,1738362353,free_training,"{""anaerobic_train_effect"":0.2,""anaerobic_train_effect_level"":0,""avg_hrm"":93,""calories"":87,""duration"":1231,""end_time"":1738363584,""hrm_aerobic_duration"":238,""hrm_anaerobic_duration"":0,""hrm_extreme_duration"":0,""hrm_fat_burning_duration"":13,""hrm_warm_up_duration"":92,""max_hrm"":147,""min_hrm"":67,""proto_type"":8,""recover_time"":4,""reserve_hr_zone"":0,""sport_type"":8,""start_time"":1738362353,""time"":1738362353,""total_cal"":114,""train_effect"":1.4,""aerobic_train_effect_level"":0,""train_load"":3,""train_load_level"":1,""timezone"":-12,""version"":10,""vitality"":0}",1738425635
6762854051,850761032,barbell_training,1738363591,barbell_training,"{""anaerobic_train_effect"":0.3,""anaerobic_train_effect_level"":0,""avg_hrm"":99,""calories"":386,""duration"":5126,""end_time"":1738368718,""hrm_aerobic_duration"":228,""hrm_anaerobic_duration"":0,""hrm_extreme_duration"":0,""hrm_fat_burning_duration"":832,""hrm_warm_up_duration"":2179,""max_hrm"":143,""min_hrm"":56,""proto_type"":8,""recover_time"":4,""reserve_hr_zone"":0,""sport_type"":314,""start_time"":1738363591,""time"":1738363591,""total_cal"":496,""train_effect"":1.4,""aerobic_train_effect_level"":0,""train_load"":21,""train_load_level"":1,""timezone"":-12,""version"":10,""vitality"":2}",1738425635
6762854051,850761032,free_training,1738418804,free_training,"{""anaerobic_train_effect"":0.0,""anaerobic_train_effect_level"":0,""avg_hrm"":90,""calories"":75,""duration"":1191,""end_time"":1738419995,""hrm_aerobic_duration"":1,""hrm_anaerobic_duration"":0,""hrm_extreme_duration"":0,""hrm_fat_burning_duration"":64,""hrm_warm_up_duration"":235,""max_hrm"":131,""min_hrm"":69,""proto_type"":8,""recover_time"":0,""reserve_hr_zone"":0,""sport_type"":8,""start_time"":1738418804,""time"":1738418804,""total_cal"":100,""train_effect"":0.4,""aerobic_train_effect_level"":0,""train_load"":2,""train_load_level"":1,""timezone"":-12,""version"":10,""vitality"":0}",1738425635
6762854051,850761032,barbell_training,1738420001,barbell_training,"{""anaerobic_train_effect"":0.0,""anaerobic_train_effect_level"":0,""avg_hrm"":84,""calories"":315,""duration"":5629,""end_time"":1738425631,""hrm_aerobic_duration"":9,""hrm_anaerobic_duration"":0,""hrm_extreme_duration"":0,""hrm_fat_burning_duration"":121,""hrm_warm_up_duration"":1127,""max_hrm"":144,""min_hrm"":57,""proto_type"":8,""recover_time"":0,""reserve_hr_zone"":0,""sport_type"":314,""start_time"":1738420001,""time"":1738420001,""total_cal"":446,""train_effect"":0.8,""aerobic_train_effect_level"":0,""train_load"":10,""train_load_level"":1,""timezone"":-12,""version"":10,""vitality"":0}",1738425635
6762854051,850761032,free_training,1738793247,free_training,"{""anaerobic_train_effect"":0.0,""anaerobic_train_effect_level"":0,""avg_hrm"":79,""calories"":86,""duration"":1496,""end_time"":1738794744,""hrm_aerobic_duration"":0,""hrm_anaerobic_duration"":0,""hrm_extreme_duration"":0,""hrm_fat_burning_duration"":25,""hrm_warm_up_duration"":236,""max_hrm"":109,""min_hrm"":59,""proto_type"":8,""recover_time"":0,""reserve_hr_zone"":0,""sport_type"":8,""start_time"":1738793247,""time"":1738793247,""total_cal"":118,""train_effect"":0.0,""aerobic_train_effect_level"":0,""train_load"":1,""train_load_level"":1,""timezone"":-12,""version"":10,""vitality"":0}",1738853252
6762854051,850761032,strength_training,1738794913,strength_training,"{""anaerobic_train_effect"":0.0,""anaerobic_train_effect_level"":0,""avg_hrm"":94,""calories"":447,""duration"":6442,""end_time"":1738801355,""hrm_aerobic_duration"":460,""hrm_anaerobic_duration"":0,""hrm_extreme_duration"":0,""hrm_fat_burning_duration"":539,""hrm_warm_up_duration"":2884,""max_hrm"":142,""min_hrm"":65,""proto_type"":8,""recover_time"":3,""reserve_hr_zone"":0,""sport_type"":308,""start_time"":1738794913,""time"":1738794913,""total_cal"":590,""train_effect"":1.3,""aerobic_train_effect_level"":0,""train_load"":22,""train_load_level"":1,""timezone"":-12,""version"":10,""vitality"":8}",1738853252
6762854051,850761032,free_training,1738852873,free_training,"{""anaerobic_train_effect"":0.0,""anaerobic_train_effect_level"":0,""avg_hrm"":101,""calories"":28,""duration"":375,""end_time"":1738853249,""hrm_aerobic_duration"":0,""hrm_anaerobic_duration"":0,""hrm_extreme_duration"":0,""hrm_fat_burning_duration"":99,""hrm_warm_up_duration"":244,""max_hrm"":120,""min_hrm"":76,""proto_type"":8,""recover_time"":0,""reserve_hr_zone"":0,""sport_type"":8,""start_time"":1738852873,""time"":1738852873,""total_cal"":36,""train_effect"":0.5,""aerobic_train_effect_level"":0,""train_load"":1,""train_load_level"":1,""timezone"":-12,""version"":10,""vitality"":0}",1738853252
6762854051,850761032,strength_training,1738853255,strength_training,"{""anaerobic_train_effect"":0.5,""anaerobic_train_effect_level"":0,""avg_hrm"":115,""calories"":396,""duration"":3671,""end_time"":1738856927,""hrm_aerobic_duration"":694,""hrm_anaerobic_duration"":249,""hrm_extreme_duration"":1,""hrm_fat_burning_duration"":1458,""hrm_warm_up_duration"":1209,""max_hrm"":161,""min_hrm"":75,""proto_type"":8,""recover_time"":17,""reserve_hr_zone"":0,""sport_type"":308,""start_time"":1738853255,""time"":1738853255,""total_cal"":477,""train_effect"":2.7,""aerobic_train_effect_level"":0,""train_load"":33,""train_load_level"":2,""timezone"":-12,""version"":10,""vitality"":15}",1739008393
6762854051,850761032,free_training,1739026619,free_training,"{""anaerobic_train_effect"":0.0,""anaerobic_train_effect_level"":0,""avg_hrm"":79,""calories"":28,""duration"":529,""end_time"":1739027148,""hrm_aerobic_duration"":0,""hrm_anaerobic_duration"":0,""hrm_extreme_duration"":0,""hrm_fat_burning_duration"":8,""hrm_warm_up_duration"":10,""max_hrm"":112,""min_hrm"":63,""proto_type"":8,""recover_time"":0,""reserve_hr_zone"":0,""sport_type"":8,""start_time"":1739026619,""time"":1739026619,""total_cal"":39,""train_effect"":0.0,""aerobic_train_effect_level"":0,""train_load"":0,""train_load_level"":1,""timezone"":-12,""version"":10,""vitality"":0}",1739117808
6762854051,850761032,strength_training,1739027154,strength_training,"{""anaerobic_train_effect"":0.0,""anaerobic_train_effect_level"":0,""avg_hrm"":85,""calories"":426,""duration"":7416,""end_time"":1739034571,""hrm_aerobic_duration"":0,""hrm_anaerobic_duration"":0,""hrm_extreme_duration"":0,""hrm_fat_burning_duration"":305,""hrm_warm_up_duration"":2988,""max_hrm"":118,""min_hrm"":55,""proto_type"":8,""recover_time"":1,""reserve_hr_zone"":0,""sport_type"":308,""start_time"":1739027154,""time"":1739027154,""total_cal"":603,""train_effect"":1.1,""aerobic_train_effect_level"":0,""train_load"":14,""train_load_level"":1,""timezone"":-12,""version"":10,""vitality"":0}",1739117808
6762854051,850761032,free_training,1739226263,free_training,"{""anaerobic_train_effect"":0.0,""anaerobic_train_effect_level"":0,""avg_hrm"":85,""calories"":19,""duration"":311,""end_time"":1739226574,""hrm_aerobic_duration"":0,""hrm_anaerobic_duration"":0,""hrm_extreme_duration"":0,""hrm_fat_burning_duration"":67,""hrm_warm_up_duration"":7,""max_hrm"":123,""min_hrm"":68,""proto_type"":8,""recover_time"":0,""reserve_hr_zone"":0,""sport_type"":8,""start_time"":1739226263,""time"":1739226263,""total_cal"":26,""train_effect"":0.0,""aerobic_train_effect_level"":0,""train_load"":0,""train_load_level"":1,""timezone"":-12,""version"":10,""vitality"":0}",1739284729
6762854051,850761032,strength_training,1739226580,strength_training,"{""anaerobic_train_effect"":0.1,""anaerobic_train_effect_level"":0,""avg_hrm"":95,""calories"":430,""duration"":6193,""end_time"":1739232774,""hrm_aerobic_duration"":58,""hrm_anaerobic_duration"":0,""hrm_extreme_duration"":0,""hrm_fat_burning_duration"":301,""hrm_warm_up_duration"":3134,""max_hrm"":141,""min_hrm"":66,""proto_type"":8,""recover_time"":1,""reserve_hr_zone"":0,""sport_type"":308,""start_time"":1739226580,""time"":1739226580,""total_cal"":564,""train_effect"":1.1,""aerobic_train_effect_level"":0,""train_load"":21,""train_load_level"":1,""timezone"":-12,""version"":10,""vitality"":1}",1739284729
6762854051,850761032,free_training,1739312558,free_training,"{""anaerobic_train_effect"":0.0,""anaerobic_train_effect_level"":0,""avg_hrm"":93,""calories"":40,""duration"":576,""end_time"":1739313134,""hrm_aerobic_duration"":2,""hrm_anaerobic_duration"":0,""hrm_extreme_duration"":0,""hrm_fat_burning_duration"":122,""hrm_warm_up_duration"":147,""max_hrm"":131,""min_hrm"":67,""proto_type"":8,""recover_time"":0,""reserve_hr_zone"":0,""sport_type"":8,""start_time"":1739312558,""time"":1739312558,""total_cal"":52,""train_effect"":0.5,""aerobic_train_effect_level"":0,""train_load"":1,""train_load_level"":1,""timezone"":-12,""version"":10,""vitality"":0}",1739324204
6762854051,850761032,strength_training,1739313141,strength_training,"{""anaerobic_train_effect"":0.8,""anaerobic_train_effect_level"":0,""avg_hrm"":101,""calories"":532,""duration"":6614,""end_time"":1739319757,""hrm_aerobic_duration"":233,""hrm_anaerobic_duration"":14,""hrm_extreme_duration"":0,""hrm_fat_burning_duration"":647,""hrm_warm_up_duration"":4561,""max_hrm"":154,""min_hrm"":69,""proto_type"":8,""recover_time"":13,""reserve_hr_zone"":0,""sport_type"":308,""start_time"":1739313141,""time"":1739313141,""total_cal"":675,""train_effect"":2.3,""aerobic_train_effect_level"":0,""train_load"":31,""train_load_level"":2,""timezone"":-12,""version"":10,""vitality"":2}",1739324204
